<?xml version="1.0" encoding="UTF-8"?>
<configuration>

    <property name="DEV_HOME" value="${CATALINA_HOME}${file.separator}logs" />
    <property name="LOG_NAME" value="selfservice" />

    <appender name="STDOUT" class="ch.qos.logback.core.ConsoleAppender">
        <layout class="ch.qos.logback.classic.PatternLayout">
            <Pattern>
                %d{yyyy-MM-dd HH:mm:ss} [%thread] %-5level %logger{36} - %msg%n
            </Pattern>
        </layout>
    </appender>

    <appender name="FILE-AUDIT"
              class="ch.qos.logback.core.rolling.RollingFileAppender">
        <file>${DEV_HOME}/${LOG_NAME}.log</file>
        <encoder class="ch.qos.logback.classic.encoder.PatternLayoutEncoder">
            <Pattern>
                %d{yyyy-MM-dd HH:mm:ss} - %msg%n
            </Pattern>
        </encoder>

        <rollingPolicy class="ch.qos.logback.core.rolling.TimeBasedRollingPolicy">
            <!-- rollover daily -->
            <fileNamePattern>${DEV_HOME}/selfservice_archived/${LOG_NAME}.%d{yyyy-MM-dd}.%i.log
            </fileNamePattern>
            <timeBasedFileNamingAndTriggeringPolicy
                    class="ch.qos.logback.core.rolling.SizeAndTimeBasedRollingPolicy">
                <maxFileSize>10MB</maxFileSize>
            </timeBasedFileNamingAndTriggeringPolicy>
        </rollingPolicy>

    </appender>


    <logger name="nisum" level="debug"
            additivity="false">
        <appender-ref ref="FILE-AUDIT" />
        <appender-ref ref="STDOUT" />
    </logger>

    <root level="error">
        <appender-ref ref="FILE-AUDIT" />
    </root>

</configuration>